[
  {
    "title": "Turn It Up",
    "artist": "Planetshakers",
    "year": 2014,
    "genre": "Inspirational",
    "album": "Endless Praise: Live",
    "rank_guitar": 3,
    "rank_bass": 4,
    "rank_drum": 4,
    "rank_vocals": 4,
    "rank_keys": 2,
    "rank_pro_keys": 2,
    "rank_band": 4,
    "vocal_parts": 2,
    "length": "3:52",
    "rating": "Family Friendly",
    "cover_url": "https://i.scdn.co/image/ab67616d0000b273e24448188e2ae0738dfe7ea7",
    "dateUpdated": "2024-01-18",
    "downloads": 268,
    "drive_url": "https://drive.google.com/uc?export=download&id=1TS-b89fYltOfJ04rH_LNTo6PEBdKjwtz",
    "preview_url": "https://youtu.be/krue9vdoc6o?si=4UwG8AO-csa_Z30Z",
    "notes": "Updated to v2 on 18 January 2024: re-rendered audio to include crowd singalong in two parts, removed BRE, revised charts, updated venue, added tonic note."

  },
  {
    "title": "In Sync",
    "artist": "Hillsong Young & Free",
    "year": 2013,
    "genre": "Inspirational",
    "album": "We Are Young & Free",
    "rank_guitar": 2,
    "rank_bass": 1,
    "rank_drum": 4,
    "rank_vocals": 3,
    "rank_keys": 3,
    "rank_pro_keys": 3,
    "rank_band": 2,
    "vocal_parts": 3,
    "length": "3:15",
    "rating": "Family Friendly",
    "cover_url": "https://i.scdn.co/image/ab67616d0000b273eee862b567d88f53738bab88",
    "dateUpdated": "2024-01-25",
    "downloads": 268,
    "drive_url": "https://drive.google.com/uc?export=download&id=1d_SsTVgAk16a5RwhpkRXeUn70llmFhPt",
    "preview_url": "https://youtu.be/ULAeqzqiBZU?si=rC-I6rqJ01RqqPQC",
    "notes": "Updated to v3 on 25 January 2024: re-rendered audio, revised vocals, updated venue, reworked overdrive, added tonic note."
  },
  {
    "title": "Touch the Sky",
    "artist": "Hillsong UNITED",
    "year": 2015,
    "genre": "Inspirational",
    "album": "Empires",
    "rank_guitar": 3,
    "rank_bass": 2,
    "rank_drum": 4,
    "rank_vocals": 4,
    "rank_keys": 3,
    "rank_pro_keys": 3,
    "rank_band": 3,
    "vocal_parts": 3,
    "length": "4:31",
    "rating": "Family Friendly",
    "cover_url": "https://i.scdn.co/image/ab67616d0000b2734b1994a9fab9174c67ce6039",
    "dateUpdated": "2024-01-30",
    "downloads": 400,
    "drive_url": "https://drive.google.com/uc?export=download&id=1eQto_vDo-Vhj82sqIDXYIP83W2ZmIm34",
    "preview_url": "https://youtu.be/pJR8X9BMyOw?si=5mItpwfyC-dapOkw",
    "notes": "Updated to v3 on 1 February 2024: re-rendered audio, revised vocals and guitar, updated venue lighting, reworked overdrive, added tonic note. Increased drums difficulty from Solid to Moderate."
  },
  {
    "title": "In My Bones (feat. Kimbra & Tank and The Bangas)",
    "artist": "Jacob Collier",
    "year": 2020,
    "genre": "Funk",
    "album": "Djesse Vol. 3",
    "rank_guitar": 2,
    "rank_bass": 6,
    "rank_drum": 6,
    "rank_vocals": 5,
    "rank_keys": 4,
    "rank_pro_keys": 4,
    "rank_band": 5,
    "vocal_parts": 3,
    "length": "4:13",
    "rating": "Supervision Recommended",
    "cover_url": "https://i.scdn.co/image/ab67616d0000b27334de228d223a20a8a5d1f465",
    "dateUpdated": "2024-02-08",
    "downloads": 278,
    "drive_url": "https://drive.google.com/uc?export=download&id=1gFmTsC59UG8jdRi1HJgeLj2Y_r-o1XY9",
    "preview_url": "https://youtu.be/4Oqp0D_2aLM?si=SY03Wts4ILrejuH2",
    "notes": "Updated to v1 on 8 February 2024: re-rendered audio with new DIY stems, heavily reworked vocals, revised charts, updated venue, added tonic note."
  },
  {
    "title": "Colors",
    "artist": "Halsey",
    "year": 2015,
    "genre": "Electronica",
    "album": "Badlands",
    "rank_guitar": 2,
    "rank_bass": 3,
    "rank_drum": 4,
    "rank_vocals": 2,
    "rank_keys": 3,
    "rank_pro_keys": 3,
    "rank_band": 2,
    "vocal_parts": 2,
    "length": "4:10",
    "rating": "Supervision Recommended",
    "cover_url": "https://i.scdn.co/image/ab67616d0000b273bd02d63417be256b22bffc28",
    "dateUpdated": "2024-02-15",
    "downloads": 810,
    "drive_url": "https://drive.google.com/uc?export=download&id=13xiGxvYojGg-4h8d20XIf0H49a8ticxM",
    "preview_url": "https://youtu.be/ye5JE7uAKc0?si=3FrPNg4C37R7Nlv9",
    "notes": "Updated to v1 on 15 February 2024: re-rendered audio with decreased volume and loudness, slightly revised vocals and drums, updated venue, added tonic note. Increased bass difficulty from Apprentice to Solid."
  },
  {
    "title": "Don't You Feel Amazing?",
    "artist": "Trash Boat",
    "year": 2021,
    "genre": "Punk Pop",
    "album": "Don't You Feel Amazing?",
    "rank_guitar": 2,
    "rank_bass": 1,
    "rank_drum": 1,
    "rank_vocals": 3,
    "rank_keys": 0,
    "rank_pro_keys": 0,
    "rank_band": 2,
    "vocal_parts": 3,
    "length": "3:52",
    "rating": "Supervision Recommended",
    "cover_url": "https://i.scdn.co/image/ab67616d0000b27325061f5dbac2bf1dcf22ac2a",
    "dateUpdated": "2024-02-22",
    "downloads": 287,
    "drive_url": "https://drive.google.com/uc?export=download&id=1SOunbXekOEAJeDGq36DxipfeXNlN_YMk",
    "preview_url": "https://youtu.be/Pd74jKN8-48?si=ksAmle58LsMUnnhc",
    "notes": "Updated to v2 on 22 February 2024: re-rendered count-in track, revised vocals, reworked overdrive, added tonic note. Increased vocals difficulty from Apprentice to Solid."
  },
  {
    "title": "Through the Trees",
    "artist": "Low Shoulder",
    "year": 2009,
    "genre": "Indie Rock",
    "album": "Jennifer's Body: Music From the Motion Picture",
    "rank_guitar": 2,
    "rank_bass": 2,
    "rank_drum": 3,
    "rank_vocals": 3,
    "rank_keys": 1,
    "rank_pro_keys": 1,
    "rank_band": 2,
    "vocal_parts": 2,
    "length": "5:09",
    "rating": "Supervision Recommended",
    "cover_url": "https://i.scdn.co/image/ab67616d0000b273d536799e5d59ff3f42874aec",
    "dateUpdated": "2024-02-29",
    "downloads": 256,
    "drive_url": "https://drive.google.com/uc?export=download&id=1f1pAxFaYaW2H-pPrGT2ceQKR3-RPIkPf",
    "preview_url": "https://youtu.be/dCXgiGz-uXo?si=rORQjinKb8TtxqS9",
    "notes": "Updated to v1 on 29 February 2024: re-rendered audio, slightly revised vocals, updated venue, removed range shifts, added tonic note. Updated easy and medium Pro Keys charts to match reductions."
  },
  {
    "title": "Thinking of You",
    "artist": "Katy Perry",
    "year": 2008,
    "genre": "Soft Rock",
    "album": "One of the Boys",
    "rank_guitar": 2,
    "rank_bass": 3,
    "rank_drum": 4,
    "rank_vocals": 5,
    "rank_keys": 1,
    "rank_pro_keys": 1,
    "rank_band": 3,
    "vocal_parts": 3,
    "length": "4:25",
    "rating": "Supervision Recommended",
    "cover_url": "https://i.scdn.co/image/ab67616d0000b2733f97d4244eff5852477d9ee0",
    "dateUpdated": "2024-03-07",
    "downloads": 818,
    "drive_url": "https://drive.google.com/uc?export=download&id=1zBXOnyVo4abyuI7NqrMSsHkZw6-bLuln",
    "preview_url": "https://youtu.be/vSHDfSR71CI?si=YW42iYHLHS6qYfbS",
    "notes": "Updated to v1 on 7 March 2024: re-rendered audio with new DIY stems, revised vocals, updated tempo map, updated venue, added tonic note."
  },
  {
    "title": "Broken",
    "artist": "Secondhand Serenade",
    "year": 2017,
    "genre": "Emo",
    "album": "Remixed & Remastered, 10 Years & 10000 Tears Later",
    "rank_guitar": 2,
    "rank_bass": 0,
    "rank_drum": 0,
    "rank_vocals": 3,
    "rank_keys": 1,
    "rank_pro_keys": 1,
    "rank_band": 2,
    "vocal_parts": 3,
    "length": "3:52",
    "rating": "Family Friendly",
    "cover_url": "https://i.scdn.co/image/ab67616d0000b27375fd62c36865fb81d88a1ea0",
    "dateUpdated": "2024-03-14",
    "downloads": 237,
    "drive_url": "https://drive.google.com/uc?export=download&id=1hedxm1U8GhQoHLoh46WVC75dNx6DVo3H",
    "preview_url": "https://youtu.be/auT5up9viTU?si=6fVBnAMvWaolF54M",
    "notes": "Updated to v2 on 14 March 2024: re-rendered audio with new DIY stems, heavily revised keys chart, revised vocals and guitar, updated venue, added tonic note."
  },
  {
    "title": "stacy's brother",
    "artist": "Mad Tsai",
    "year": 2022,
    "genre": "Pop Rock",
    "album": "stacy's brother",
    "rank_guitar": 2,
    "rank_bass": 2,
    "rank_drum": 3,
    "rank_vocals": 4,
    "rank_keys": 0,
    "rank_pro_keys": 0,
    "rank_band": 2,
    "vocal_parts": 2,
    "length": "3:08",
    "rating": "Supervision Recommended",
    "cover_url": "https://i.scdn.co/image/ab67616d0000b27311e9a20d48dbd19a7194fa8c",
    "dateUpdated": "2024-04-11",
    "downloads": 176,
    "drive_url": "https://drive.google.com/uc?export=download&id=1Kb5xa8QSgrD8QmS9l1AwHjdPXlnPW9z6",
    "preview_url": "https://youtu.be/CviePNAXAc0?si=7nfDEOQ7j18Gmv6J",
    "notes": "Updated to v1 on 11 April 2024: re-rendered audio, heavily revised drums and vocals, updated venue, added tonic note."
  },
  {
    "title": "Is Your Boyfriend Single?",
    "artist": "Heartthrob",
    "year": 2022,
    "genre": "Pop Rock",
    "album": "Jennifer's Body: Music From the Motion Picture",
    "rank_guitar": 1,
    "rank_bass": 2,
    "rank_drum": 2,
    "rank_vocals": 3,
    "rank_keys": 1,
    "rank_pro_keys": 1,
    "rank_band": 2,
    "vocal_parts": 3,
    "length": "2:48",
    "rating": "Supervision Recommended",
    "cover_url": "https://i.scdn.co/image/ab67616d0000b273694162502153330a13233709",
    "dateUpdated": "2024-04-18",
    "downloads": 177,
    "drive_url": "https://drive.google.com/uc?export=download&id=17A-wM2wez8aCzO6Rb1BWu7KDHzxSPklU",
    "preview_url": "https://youtu.be/wd9Cn1QdTUc?si=Ggzr1Mv_9PgQ2j1t",
    "notes": "Updated to v1 on 18 April 2024: re-rendered audio, slightly revised vocals, updated venue, removed range shift, added tonic note."
  },
  {
    "title": "Brividi",
    "artist": "Mahmood and Blanco",
    "year": 2022,
    "genre": "Soft Rock",
    "album": "Brividi",
    "rank_guitar": 1,
    "rank_bass": 2,
    "rank_drum": 1,
    "rank_vocals": 6,
    "rank_keys": 3,
    "rank_pro_keys": 3,
    "rank_band": 1,
    "vocal_parts": 2,
    "length": "3:24",
    "rating": "Supervision Recommended",
    "cover_url": "https://i.scdn.co/image/ab67616d0000b27340c172c54696d8e6028c019f",
    "dateUpdated": "2024-04-25",
    "downloads": 167,
    "drive_url": "https://drive.google.com/uc?export=download&id=16-KcUdNRjb2nDSvD8LB0yOmZ-t4o-VDz",
    "preview_url": "https://youtu.be/6k1YDQoC75k?si=h8MpzSVYpA8g9p3-",
    "notes": "Updated to v2 on 25 April 2024: re-rendered audio, added tonic note."
  },
  {
    "title": "Alive",
    "artist": "Hillsong Young & Free",
    "year": 2013,
    "genre": "Inspirational",
    "album": "We Are Young & Free",
    "rank_guitar": 2,
    "rank_bass": 2,
    "rank_drum": 4,
    "rank_vocals": 2,
    "rank_keys": 2,
    "rank_pro_keys": 1,
    "rank_band": 2,
    "vocal_parts": 3,
    "length": "3:54",
    "rating": "Family Friendly",
    "cover_url": "https://i.scdn.co/image/ab67616d0000b273eee862b567d88f53738bab88",
    "dateUpdated": "2024-03-21",
    "downloads": 290,
    "drive_url": "https://drive.google.com/uc?export=download&id=1koC63F8ee2njflz0UBrM2f6rI53QnI1y",
    "preview_url": "https://youtu.be/tECnS_f8Bg4?si=HHCDOg69wtQSAhCm",
    "notes": "Updated to v1 on 21 March 2024: slightly revised keys and vocals, updated lyrics, updated venue, added tonic note."
  },
  {
    "title": "The Stand",
    "artist": "Hillsong Young & Free",
    "year": 2014,
    "genre": "Inspirational",
    "album": "The Stand",
    "rank_guitar": 3,
    "rank_bass": 2,
    "rank_drum": 3,
    "rank_vocals": 4,
    "rank_keys": 4,
    "rank_pro_keys": 4,
    "rank_band": 3,
    "vocal_parts": 3,
    "length": "4:13",
    "rating": "Family Friendly",
    "cover_url": "https://i.scdn.co/image/ab67616d0000b2735d4d86abfdecf22d99fc676f",
    "dateUpdated": "2024-03-28",
    "downloads": 251,
    "drive_url": "https://drive.google.com/uc?export=download&id=1LcN5TFy_yOY6mxIF52kUGTxGz7DPIWPc",
    "preview_url": "https://youtu.be/myScAewJTu4?si=vGyAJxzAfghKsEyB",
    "notes": "Updated to v1 on 28 March 2024: slightly revised vocals, updated venue, added tonic note."
  },
  {
    "title": "Energy",
    "artist": "Hillsong Young & Free",
    "year": 2015,
    "genre": "Inspirational",
    "album": "This Is Living",
    "rank_guitar": 3,
    "rank_bass": 4,
    "rank_drum": 4,
    "rank_vocals": 3,
    "rank_keys": 5,
    "rank_pro_keys": 5,
    "rank_band": 4,
    "vocal_parts": 3,
    "length": "3:56",
    "rating": "Family Friendly",
    "cover_url": "https://i.scdn.co/image/ab67616d0000b2735a87ddbf9dbb6d923fa273e2",
    "dateUpdated": "2024-02-29",
    "downloads": 230,
    "drive_url": "https://drive.google.com/uc?export=download&id=1H1w-3keJn7QGKTc3El2ZkxAcYDqqoBFS",
    "preview_url": "https://youtu.be/ogTBpqc21Dc?si=nZuHfk1DZCEkfzuI",
    "notes": "Updated to v1 on 4 April 2024: slightly revised vocals, updated venue, added tonic note."
  }
]
